{"train": [0.46446330807147884, 0.45050358713841904, 0.44825703292231034, 0.44572268334269344, 0.44479391783430927, 0.443715813877356, 0.4434118412918275, 0.44293635656571134, 0.44227466989606395, 0.44155142412466164, 0.44120443276330534, 0.440959183204228, 0.4404592736094606, 0.4403022106506526, 0.4396772562648376], "val": [0.38061736759637, 0.3751828147573253, 0.37998825240287454, 0.3757600062162461, 0.38122674424702846, 0.3783908123472639, 0.3801853808080217, 0.3763264731056453, 0.3728675941890576, 0.37553056232341747, 0.37551998943011133, 0.3753423367078283, 0.3700072299044712, 0.3742220638088878, 0.3711750172375998]}