{"train": [0.9275678343599304, 0.9116767171089236, 0.8999333696597234, 0.8970231903179027, 0.8937589156177503, 0.8920123348641544, 0.8741121094079809, 0.8756752450386489, 0.8699165295563583, 0.8683112629954176], "val": [1.1569362873089573, 1.0845701907022385, 1.1960741775095494, 1.065983830074353, 1.1223700372001604, 1.096110100439091, 1.1420670263687305, 1.0399366912846872, 1.1420353328756603, 1.0543317931836562]}