{"train": [0.7809925380515477, 0.7603004927189282, 0.7606061745552996, 0.7551977619146689, 0.7589785607691804, 0.7569270722826502, 0.7565593082980333, 0.7568756062340772, 0.7511501367545236, 0.7559467003446179], "val": [0.6821645813111361, 0.6787028642824319, 0.6762770270495544, 0.6872976359501363, 0.6746266089804062, 0.6893648205918794, 0.6746208982352819, 0.7124110111503794, 0.6690428860093001, 0.6748687612797872]}