{"train": [0.5599041375196155, 0.5360369460872572, 0.5245522134527897, 0.516127404162598, 0.5062037169749315, 0.49982985418883946, 0.4892709704569256, 0.48890569618922336, 0.484542996722357, 0.484390009787074, 0.4788858786602845, 0.47350709317008155, 0.4688868949248077, 0.4713077019548731, 0.4656862804603902, 0.4664275970310766, 0.46119003705656575, 0.4582016357645624, 0.45735355836674585, 0.4560563118185722, 0.4536122400817248], "val": [0.540610380109921, 0.5222900516813013, 0.5100203635148256, 0.49484836365264295, 0.48293799185702113, 0.4799085672133904, 0.47250605444758415, 0.4737983104109193, 0.47187481708765155, 0.4656001601592222, 0.4624727721573382, 0.46127958322155027, 0.4568826042952342, 0.46324998842965676, 0.4533510999897809, 0.44646498148526326, 0.4488883854830246, 0.4478748261833394, 0.4446697816244778, 0.44722781942967976, 0.44037293669326055]}