{"train": [0.4497624263119794, 0.44031468272995944, 0.4330511211441607, 0.429773329133959, 0.42547302514359064, 0.4234522278064714, 0.42172444903497774, 0.41987738433304506, 0.41801944337602825, 0.41740781969153073, 0.41616172195496093, 0.41589862193887683, 0.41388372289822256, 0.4127016178414952, 0.41259040660824653], "val": [0.4434038687729341, 0.42989430090034814, 0.4236493250072605, 0.4201159433141041, 0.41699021769179, 0.414264719590283, 0.41559705845595296, 0.4112242652165756, 0.4095711123600737, 0.4092316283958906, 0.41638082920902264, 0.41438726850048285, 0.4099488403328941, 0.4053033786038251, 0.4033766400312857]}