{"train": [0.5768049854974454, 0.5656567048003123, 0.5627652060091738, 0.5606553288168054, 0.5561309158640108, 0.5543183312407008, 0.5533867321384242, 0.553563750752027, 0.5505868508841025, 0.5535285892498879, 0.5500878910353183, 0.5471509503981433, 0.5469899183542499, 0.5456418024395769, 0.5566287950972635], "val": [0.6444575304106996, 0.6379189163271959, 0.6295728371649616, 0.631080630581832, 0.625458956938465, 0.6058233530677463, 0.6175862048901796, 0.6073705248530714, 0.6180723323157139, 0.6273474812888287, 0.6271642049365123, 0.6005991515230156, 0.6138826050994369, 0.5970917211180358, 0.6059067995704318]}