{"train": [0.4576305866151554, 0.4504949122802165, 0.4485875232816641, 0.4477005944802211, 0.4466783353555976, 0.446297759339101, 0.4461766486793622, 0.4458344595824252, 0.4456285513364352, 0.4452282823678415, 0.4452549881255465, 0.44483463504375553, 0.44461993605662614, 0.44486563188637723, 0.44382314422191715], "val": [0.4215198541620172, 0.4149950955096809, 0.41682511304781245, 0.4159486321866227, 0.4185821093606974, 0.4170953558600285, 0.4149030906174524, 0.416862264775164, 0.41508852387121725, 0.4145236201524861, 0.4152964242377644, 0.4149963768509362, 0.42186386070396115, 0.41596294959343894, 0.41456513064792017]}