{"train": [0.4380929249068874, 0.41731453187193446, 0.41217537441546825, 0.40880471594360573, 0.4063081908929004, 0.40412485887444904, 0.40299040667684644, 0.4017910359569894, 0.4001865132614839, 0.399394538426489, 0.39817912026660207, 0.3979679268157318, 0.3971324383988135, 0.39721663007921676, 0.39647894153930013], "val": [0.5544904178606188, 0.5375982153726551, 0.5586622739294985, 0.5395797696628744, 0.5349440418576357, 0.5309043900328408, 0.54159520664007, 0.5236186677309476, 0.5447901422638662, 0.5290265036047996, 0.5042779184897699, 0.5048553331409635, 0.5142010245442454, 0.5103864393505789, 0.5053099367832998]}