{"train": [0.9970552899607152, 0.9470631816755125, 0.9419217610748081, 0.9390220114398032, 0.9341720498789807, 0.9319717566072567, 0.9281605552101374, 0.9266624621046682, 0.9260304832398667, 0.9264189646115417], "val": [1.7260005836349779, 1.8173234434823142, 1.890449220287857, 1.7900895649223267, 1.7363794284529226, 1.8223268606359493, 1.9142614626516492, 1.7510897242179126, 1.7762023161674447, 1.7810585562252756]}