{"train": [1.3176316600040072, 1.2753561896975762, 1.26433977731932, 1.2648383645090762, 1.257017018388659, 1.2543290526259179, 1.252465580383577, 1.2493526523828866, 1.2430604399599101, 1.2478719165781864], "val": [1.16051508531474, 1.1709891408602566, 1.1587824734555336, 1.134834230517123, 1.1494240765561443, 1.154930142819596, 1.1409893808306502, 1.1486780024577228, 1.145094326863332, 1.1305569934362805]}